first,last,house
Blaise,Zabini,Slytherin
Blaise,Zabini,Slytherin
Blaise,Zabini,Slytherin
Blaise,Zabini,Slytherin
Blaise,Zabini,Slytherin
Blaise,Zabini,Slytherin
Blaise,Zabini,Slytherin
Blaise,Zabini,Slytherin
Blaise,Zabini,Slytherin
Blaise,Zabini,Slytherin
Blaise,Zabini,Slytherin
Blaise,Zabini,Slytherin
Blaise,Zabini,Slytherin
Blaise,Zabini,Slytherin
Blaise,Zabini,Slytherin
Blaise,Zabini,Slytherin
Blaise,Zabini,Slytherin
Blaise,Zabini,Slytherin
Blaise,Zabini,Slytherin
Blaise,Zabini,Slytherin
Blaise,Zabini,Slytherin
Blaise,Zabini,Slytherin
Blaise,Zabini,Slytherin
Blaise,Zabini,Slytherin
Blaise,Zabini,Slytherin
Blaise,Zabini,Slytherin
Blaise,Zabini,Slytherin
Blaise,Zabini,Slytherin
Blaise,Zabini,Slytherin
Blaise,Zabini,Slytherin
Blaise,Zabini,Slytherin
Blaise,Zabini,Slytherin
Blaise,Zabini,Slytherin
Blaise,Zabini,Slytherin
Blaise,Zabini,Slytherin
Blaise,Zabini,Slytherin
Blaise,Zabini,Slytherin
Blaise,Zabini,Slytherin
Blaise,Zabini,Slytherin
Blaise,Zabini,Slytherin
Blaise,Zabini,Slytherin
Blaise,Zabini,Slytherin
Blaise,Zabini,Slytherin
Blaise,Zabini,Slytherin
Blaise,Zabini,Slytherin
Blaise,Zabini,Slytherin
Blaise,Zabini,Slytherin
Blaise,Zabini,Slytherin
Blaise,Zabini,Slytherin
Blaise,Zabini,Slytherin
Blaise,Zabini,Slytherin
Blaise,Zabini,Slytherin
Blaise,Zabini,Slytherin
